Age,Income,LoanAmount,CreditScore,MonthsEmployed,NumCreditLines,HasMortgage,HasDependents,LoanPurpose,HasCoSigner,Default
59,36727,10399,358,320,5,0,1,home,0,1
49,54304,11739,806,87,6,0,1,personal,0,1
35,52477,5957,421,217,5,1,0,car,1,1
63,58534,8423,778,7,1,0,0,car,1,0
28,36877,7866,395,278,3,1,1,car,1,1
41,43994,7290,713,337,1,1,1,personal,0,0
59,57640,13164,534,210,5,0,1,car,1,1
39,68709,7752,361,169,5,0,0,home,0,0
43,64488,15087,555,330,6,1,0,education,1,0
31,51230,23315,647,138,8,1,0,education,0,1
31,42689,8522,423,441,1,0,1,home,1,0
44,56057,10761,781,391,4,0,0,education,1,0
56,33629,11897,616,381,1,0,1,personal,1,0
60,37744,19057,803,306,9,0,1,car,0,0
44,72646,9586,347,230,7,0,0,car,0,0
23,56030,5854,708,475,7,1,1,car,0,0
42,44787,3668,435,308,5,0,0,personal,1,0
22,62437,9710,500,161,7,0,1,personal,0,1
44,69304,7758,549,1,2,1,1,personal,0,1
64,43330,20050,613,236,4,0,0,home,0,1
50,43588,18849,667,437,7,0,1,personal,0,1
58,41710,4828,728,188,3,1,1,education,0,1
22,64457,6446,779,418,2,0,1,home,0,0
41,64603,10368,613,4,2,1,1,home,1,1
53,70788,16986,799,401,1,0,1,home,1,0
32,65129,10285,654,132,5,0,1,personal,0,0
42,25516,6763,784,427,6,0,1,home,1,0
64,54214,9705,510,218,6,1,1,personal,1,1
45,34124,6857,343,260,9,1,0,personal,0,1
47,42306,13012,840,1,4,1,0,home,0,0
62,52558,6454,391,71,1,1,1,car,1,1
48,62533,7447,564,478,6,0,1,car,0,0
36,36637,15809,519,178,5,1,0,home,1,1
35,15129,6158,741,457,6,1,1,car,1,0
64,52707,2769,700,189,3,1,0,education,1,0
23,89653,10474,699,291,2,0,0,education,0,0
57,46957,8197,789,8,6,0,0,personal,1,0
27,50703,12557,784,253,1,1,1,car,0,1
41,76732,11587,769,408,7,1,1,education,0,0
29,58854,9840,744,467,7,0,1,home,0,0
59,53252,9694,568,292,7,1,0,car,0,0
38,56631,6320,566,434,1,1,0,education,0,0
24,53753,10416,353,244,4,1,0,education,1,0
45,32903,14406,827,123,7,1,1,home,0,1
34,29878,5132,819,299,9,0,0,personal,0,0
29,78302,9973,358,283,5,0,0,home,0,0
46,52758,15191,339,32,2,0,1,personal,0,1
22,51501,12527,536,334,7,1,0,education,0,0
40,48646,16547,685,377,1,1,0,personal,1,0
48,61716,7159,599,146,7,0,1,education,0,0
27,88080,846,694,156,6,0,1,education,0,0
64,57859,11003,506,413,7,0,0,car,1,0
28,41178,11812,635,16,3,1,1,personal,0,1
55,47998,16842,813,355,3,0,0,personal,1,0
34,66064,15940,477,47,7,1,1,personal,1,1
37,41257,12683,695,251,2,1,0,home,1,0
56,62783,13826,670,187,1,0,1,car,1,0
60,15188,9040,617,31,9,0,0,car,0,1
24,46551,3904,668,260,9,1,1,car,0,0
22,59422,10588,683,421,7,0,1,home,1,0
26,69051,14912,361,17,7,0,1,personal,1,1
62,37722,13281,804,39,3,1,1,personal,0,0
24,27458,14169,538,304,2,1,1,personal,1,1
49,46088,7861,494,430,7,1,1,car,1,1
38,33118,8672,521,474,9,1,1,car,1,0
46,47764,12417,360,432,1,1,0,education,0,1
64,49900,7267,428,39,4,0,0,home,1,0
54,30212,7421,455,132,6,1,1,home,0,1
30,62066,11489,677,30,7,1,1,car,0,1
56,47641,13804,736,158,7,1,0,education,0,1
34,66206,9002,506,278,2,0,0,personal,1,0
51,22326,4184,687,203,4,1,1,car,1,0
35,34742,6320,779,66,5,1,0,home,0,1
28,57750,11018,639,108,1,1,0,home,0,1
34,38013,10957,639,268,1,0,1,home,0,0
43,47531,11206,503,222,3,1,1,personal,1,1
60,50010,12606,460,292,3,1,1,home,1,1
41,52373,10029,839,18,8,1,0,personal,0,0
36,39836,11325,691,90,9,0,1,personal,0,1
38,52239,9774,833,181,1,0,1,personal,1,0
44,38261,15743,369,255,2,0,0,car,0,1
46,60114,17161,704,455,2,0,1,personal,1,0
45,48277,4054,816,253,4,1,0,education,1,0
61,52325,8723,419,257,2,1,0,home,0,1
49,88548,10163,516,383,7,0,0,car,0,0
35,33393,8665,355,442,9,0,0,home,1,1
21,70828,18964,665,346,7,1,0,personal,1,0
45,10109,11119,803,87,6,1,0,car,1,1
27,18824,5973,754,90,1,0,1,education,1,0
29,31390,12982,403,237,9,0,1,personal,1,1
44,32337,11354,376,390,5,0,1,home,0,1
21,53055,11520,529,70,5,0,0,education,1,1
64,54347,19039,557,44,6,1,1,personal,1,1
28,46177,11753,563,200,9,0,0,education,1,0
44,47751,8481,630,152,8,0,1,personal,0,0
31,57916,223,481,86,8,1,0,car,0,0
37,62498,9173,849,19,8,1,1,personal,1,1
28,30101,16529,326,101,1,1,0,car,1,1
55,44571,9544,575,402,1,1,1,personal,0,0
55,48956,-1200,598,95,8,1,0,personal,0,1
53,57279,7508,390,254,5,0,1,home,0,1
25,38409,14963,779,357,9,0,0,education,0,0
62,48661,12729,757,30,2,0,1,education,1,0
59,50449,5800,750,249,9,1,1,education,0,0
61,39432,7173,664,426,8,0,1,personal,1,1
48,39075,7946,650,33,9,1,0,personal,1,1
27,51481,6686,699,458,4,0,0,personal,0,0
29,48044,-148,552,229,1,0,0,car,0,0
28,57507,13817,758,12,1,1,0,car,0,0
32,34201,16285,798,118,5,1,0,home,0,1
54,44739,2407,807,350,2,0,1,personal,1,0
53,46561,16219,603,155,8,0,0,education,1,1
43,62207,9484,800,423,5,0,1,education,1,0
44,35893,16125,465,393,5,0,1,home,0,0
57,53519,10189,714,246,2,0,0,education,1,0
55,53791,10677,761,405,7,1,1,home,0,0
64,74695,11862,413,332,8,1,0,personal,1,0
60,34893,6049,732,247,1,1,0,education,0,0
42,40141,15973,655,29,2,1,0,personal,1,0
47,35939,4393,506,161,4,0,1,car,1,1
55,24953,7989,534,235,5,0,0,education,0,0
21,76470,12621,741,190,2,1,0,car,1,0
55,31377,7454,654,117,1,0,0,education,1,0
57,37755,13887,814,271,9,1,1,personal,0,1
34,69736,16879,507,258,1,0,0,home,0,1
23,23703,15062,424,180,4,0,1,personal,0,1
21,61345,319,437,373,2,0,1,personal,0,1
25,28804,10629,638,172,4,1,0,personal,0,0
46,68700,15143,836,438,8,1,1,education,1,1
34,17451,3416,367,274,8,1,1,home,0,1
59,23697,13618,840,259,9,1,0,car,1,0
47,41826,13337,682,135,5,0,0,personal,1,0
29,64577,3939,318,171,7,0,0,education,0,0
35,49535,14171,749,210,3,0,1,car,1,0
35,44964,11363,373,236,4,0,0,personal,1,0
46,70190,13251,575,422,9,1,1,car,0,0
62,82328,5168,347,421,1,0,1,personal,1,1
33,60083,10750,510,186,2,0,1,car,0,1
52,40657,1475,839,417,5,0,1,car,0,0
59,43727,-1384,490,364,3,1,1,home,0,0
52,30673,10704,614,443,2,1,0,home,1,1
24,51512,15502,412,95,1,1,0,personal,1,1
50,25556,11264,469,378,3,0,1,education,1,0
57,58277,9682,767,11,1,1,1,home,1,1
43,80083,9062,313,68,1,0,0,car,0,0
59,60763,5287,587,379,1,0,0,home,1,0
35,42962,8890,488,210,8,0,1,home,0,1
63,57904,12108,454,196,3,1,1,personal,1,1
49,74308,7823,770,369,1,1,0,home,1,0
56,73557,13752,374,98,7,0,0,home,1,1
33,34943,10979,576,93,3,0,1,car,1,1
52,57654,11584,642,472,8,1,0,home,1,0
27,47628,14443,724,22,4,1,0,car,0,1
42,62098,7366,810,450,4,1,1,home,1,0
48,55754,13296,481,172,5,0,1,home,1,1
22,14454,8067,757,383,6,0,1,education,1,0
62,44779,11697,363,134,7,0,0,home,1,1
26,52978,6771,559,426,4,1,1,car,0,0
48,28484,5446,492,25,8,1,0,car,1,1
48,58715,10459,705,185,6,1,1,personal,0,1
64,27139,573,392,85,1,0,1,personal,1,1
64,38023,8518,729,55,1,0,0,education,0,0
40,70119,1968,733,251,9,1,0,car,0,0
50,36743,13896,703,144,6,0,1,car,0,1
31,58609,15250,733,351,8,1,1,car,0,1
48,23696,5680,411,398,7,0,0,education,0,0
45,81219,12141,674,167,6,1,1,car,1,0
59,45431,14495,358,412,4,0,0,personal,0,1
53,51429,14512,342,224,7,0,0,education,1,0
21,52685,11072,506,220,9,1,1,personal,0,1
47,59113,13671,595,179,7,1,0,personal,0,0
33,27212,6753,417,119,1,1,0,education,1,1
61,49919,10415,831,433,9,1,0,home,0,0
23,40118,7664,521,265,4,1,1,home,0,1
59,24656,6331,465,442,3,0,0,personal,0,0
26,64806,10180,455,429,4,1,1,home,0,0
28,44717,11737,483,150,4,1,1,car,1,1
47,53637,15817,389,416,2,1,1,education,0,1
29,52697,11325,393,453,1,0,0,personal,0,0
57,44977,13209,312,215,1,1,0,car,1,1
53,79625,13266,737,197,8,1,1,home,1,0
62,49291,23437,837,42,2,1,1,car,0,1
64,26630,949,449,53,5,0,0,home,0,1
44,43994,6560,307,443,4,0,1,personal,1,1
35,57496,17370,328,330,8,1,1,car,0,1
52,57988,8239,595,251,2,0,0,education,1,0
52,33683,14429,639,295,9,1,1,personal,0,1
44,63942,11150,738,378,7,0,0,car,1,0
61,23556,20526,443,271,7,1,0,car,1,1
32,67162,4434,818,455,1,0,1,home,1,0
59,30209,16109,344,413,2,1,0,personal,0,1
22,46606,18747,538,123,4,1,0,personal,0,1
23,65968,4927,454,367,4,0,0,personal,0,1
57,51794,13914,480,387,3,1,1,personal,0,1
37,62250,5172,514,339,7,1,1,home,1,0
22,59279,10150,387,266,8,1,1,education,1,1
22,69294,8717,555,348,2,1,0,personal,1,0
48,65933,-2013,810,29,4,0,0,home,0,0
43,43193,12121,372,463,3,1,1,education,0,1
57,59494,10716,478,35,2,0,1,education,0,1
52,27101,17395,511,6,6,0,0,home,1,1
53,49131,13055,533,396,4,0,1,personal,0,1
21,62277,21454,764,111,6,0,1,education,0,0
39,52007,10535,522,294,2,1,1,personal,1,1
22,56699,9472,563,77,4,1,1,personal,1,1
64,46800,9078,506,349,6,0,1,car,0,0
46,66936,7802,665,147,5,1,0,personal,1,0
52,48793,-1038,575,67,3,0,1,car,0,0
26,43018,8899,679,392,8,1,1,education,1,1
52,63297,-339,608,8,7,1,0,home,1,0
24,28922,12260,567,122,3,1,0,car,1,1
31,57515,3799,363,340,6,0,0,home,0,0
37,34362,5528,649,175,4,0,0,education,0,0
58,69168,6652,793,388,5,1,1,personal,0,0
44,46084,8975,822,179,5,0,1,education,1,0
25,52024,10034,397,85,7,0,1,home,1,1
54,56188,15422,370,451,5,1,1,education,1,1
26,21054,7112,663,45,3,0,0,personal,1,0
42,40241,12400,575,136,5,1,0,education,0,1
31,65653,23654,349,343,7,1,1,personal,0,1
36,63016,11886,657,16,5,1,1,car,0,1
53,54245,9097,784,333,5,0,1,home,1,0
29,29758,6104,383,195,9,1,1,personal,1,1
26,58782,9028,595,9,3,1,0,personal,0,0
36,60700,5568,535,316,6,0,1,education,1,0
49,50705,11343,355,334,1,0,0,car,0,1
23,68347,10517,659,333,5,0,0,personal,1,0
40,39748,-811,409,327,8,0,0,car,1,0
56,42352,9907,491,15,5,1,0,car,0,1
39,12730,15380,392,327,9,0,1,education,0,1
46,63797,8004,359,102,6,0,1,personal,1,1
23,54707,6735,338,226,8,0,1,education,0,0
39,24772,3111,839,425,8,0,1,home,0,1
40,23621,710,348,278,3,1,0,home,1,1
52,36910,14156,719,408,7,0,0,personal,1,0
27,61904,9092,312,113,7,1,0,car,1,1
61,45494,13860,335,428,6,0,1,personal,0,1
53,37928,17656,400,1,7,1,0,personal,1,1
60,34908,14606,385,266,2,1,0,home,1,1
59,34236,7288,815,208,9,0,0,home,1,1
38,20994,10724,522,110,1,1,0,car,1,1
60,31889,6926,637,200,1,0,1,car,1,1
21,33941,6458,465,440,3,1,0,personal,0,1
31,60239,11714,682,369,3,1,0,education,1,0
48,47514,5838,675,473,1,1,1,personal,1,0
45,37616,-1045,770,306,7,0,1,car,0,0
43,84645,5559,330,12,4,1,1,education,1,1
51,40041,8465,674,345,2,0,0,home,1,0
50,67506,17606,310,465,5,1,0,car,0,1
62,74316,7545,601,188,6,1,0,car,1,0
55,26450,12559,395,154,9,1,0,education,0,1
27,51109,9158,489,368,4,1,1,car,1,1
36,42236,16132,752,334,2,1,0,car,0,0
46,41016,15785,491,425,5,1,0,car,0,1
22,58330,15880,785,420,3,0,1,car,1,0
21,40656,1330,565,377,2,0,1,car,0,0
32,42560,11033,723,279,1,0,1,car,0,0
25,47478,13794,427,171,2,1,0,car,1,1
57,44399,11907,537,134,6,0,0,car,1,0
52,32396,13182,654,453,8,1,0,home,0,1
29,61938,10291,411,427,3,0,0,car,1,0
61,65727,6276,745,25,9,0,0,home,0,0
55,55154,1514,642,18,9,1,1,home,0,1
39,44351,6772,444,190,2,1,1,personal,1,1
36,39421,23390,364,141,8,0,0,personal,1,1
23,39445,7571,546,43,5,0,0,home,0,1
40,85360,203,789,334,4,0,0,home,1,0
44,64067,13663,738,284,5,0,0,car,1,0
53,37398,14277,405,146,4,1,0,personal,0,1
44,52470,16436,480,315,8,0,1,education,0,0
31,44561,12354,483,444,4,1,1,personal,0,1
28,58757,14228,525,319,6,1,1,home,0,1
56,58152,19201,388,441,2,0,0,home,0,0
58,66254,6272,829,92,5,1,0,car,0,0
60,37241,5280,670,179,6,0,1,car,1,0
40,51571,4527,698,56,5,1,1,personal,0,0
55,23771,8671,405,155,2,1,0,car,1,1
45,31139,17167,570,160,7,0,1,education,1,1
55,63261,12640,802,111,4,1,1,education,0,1
45,35739,12443,824,137,8,1,0,car,1,0
49,37386,903,331,232,7,0,1,education,0,1
38,49875,6534,692,468,7,1,1,education,1,0
38,60421,821,339,220,9,1,1,personal,0,1
22,34087,15856,517,68,1,0,0,education,0,0
55,-2212,17928,381,302,6,0,1,home,0,1
36,36946,13897,500,249,6,1,1,home,0,1
61,68084,5066,746,323,6,1,1,personal,1,0
56,55147,17410,727,410,6,1,0,car,1,0
53,69858,8733,337,392,7,0,0,personal,1,0
24,33022,3927,510,6,6,1,1,car,1,1
53,25409,5177,743,464,1,1,0,car,1,0
34,56938,7849,626,280,3,1,1,car,0,0
41,53600,10247,526,432,2,1,0,car,0,0
40,54583,9193,347,94,6,1,0,car,0,1
28,63994,2936,317,429,8,1,1,personal,0,1
27,56325,16066,738,269,3,0,1,car,0,0
23,56084,9246,486,197,8,0,1,education,1,1
37,60725,6431,644,25,8,1,0,education,0,0
53,57536,15551,523,148,5,1,1,car,0,1
32,62861,4082,787,118,8,0,0,education,1,0
42,65127,1855,528,338,6,0,0,home,1,0
42,72975,16362,689,367,5,0,1,personal,0,0
50,40262,19456,487,338,9,1,0,personal,0,1
58,57208,7689,569,66,7,1,1,car,1,1
58,44445,9770,609,458,8,1,0,car,0,1
28,37496,4266,431,301,1,1,1,home,0,1
47,39656,10027,371,370,2,0,0,car,0,1
47,57424,7621,486,175,8,0,0,education,1,1
54,56273,9489,785,319,9,0,1,home,0,0
41,56006,12046,490,76,4,0,0,education,0,1
50,46614,4509,721,461,9,1,1,personal,1,1
53,50051,8190,419,114,4,1,0,education,1,1
48,62266,981,519,111,9,0,0,personal,1,0
53,27659,8225,352,249,7,0,0,education,0,1
25,50369,9532,750,439,2,0,1,personal,1,0
39,51349,11144,711,203,9,0,1,car,0,0
24,61299,11197,536,147,4,0,1,education,1,0
55,29746,14519,705,35,8,1,1,personal,0,1
37,72427,2301,721,309,7,1,1,education,1,0
64,53204,2568,546,26,7,0,0,home,0,0
48,53998,12644,371,238,8,0,0,car,0,1
50,43979,-194,484,14,1,0,1,personal,1,0
49,58070,10916,305,374,5,1,0,home,1,1
26,50719,4098,505,45,2,1,0,education,0,1
55,68134,17864,843,428,2,1,0,home,1,0
61,28377,11252,686,216,1,0,0,education,0,0
57,52633,8904,375,233,5,1,1,car,1,1
44,56127,16138,476,193,2,0,0,home,1,0
49,47204,4682,648,51,4,1,1,car,0,1
51,43930,5632,554,427,3,1,1,personal,1,1
55,44555,3692,607,375,3,1,0,education,1,0
53,52619,5674,644,214,2,0,1,education,0,0
41,22850,10305,426,151,6,0,0,car,0,1
52,64475,12469,586,440,2,1,0,car,1,1
43,42798,14807,786,275,8,0,0,personal,0,0
53,51917,876,682,338,8,0,1,home,1,0
23,55506,9140,705,76,5,0,1,education,1,0
38,42112,4459,687,439,7,0,1,education,0,0
45,48034,8973,824,220,4,0,0,personal,0,0
62,19471,21670,575,348,1,0,0,personal,0,0
51,60981,11459,799,444,2,0,0,car,0,0
23,66201,14497,636,187,4,1,1,car,0,0
60,24485,19803,780,289,1,0,0,home,0,0
44,43902,15636,572,403,8,0,0,personal,1,0
52,31551,7760,357,28,9,1,1,home,1,1
42,47333,3620,627,379,4,1,1,personal,0,0
43,59729,9849,408,180,3,1,1,education,1,0
22,64809,7161,578,253,2,1,0,personal,1,0
47,66827,2377,627,126,5,0,0,personal,1,0
62,69658,11204,614,177,3,1,0,education,1,0
22,46663,11329,773,37,7,1,1,personal,0,1
46,32795,18845,410,410,6,0,1,home,1,1
37,48281,8191,528,99,1,0,1,car,1,1
60,59499,11400,796,98,8,0,1,car,0,0
53,31591,6672,455,127,2,1,0,home,0,1
29,74902,14365,772,168,5,0,0,education,0,0
63,63468,9376,571,80,9,1,0,personal,0,1
59,46901,4137,301,294,8,0,0,home,1,0
49,39336,9932,810,333,2,0,0,car,0,0
62,39963,11952,585,126,9,1,0,car,1,1
46,51113,11276,312,343,5,0,0,home,1,0
55,46558,15229,797,310,6,0,0,car,0,0
45,64257,2759,537,150,3,0,1,home,0,0
44,44855,5786,393,16,3,0,1,car,0,1
33,57582,13198,637,28,8,0,0,home,0,1
27,49566,6373,470,419,2,1,1,personal,0,1
56,54045,11202,766,444,2,1,0,personal,0,0
40,46549,-2098,442,173,5,0,0,personal,1,0
21,60615,23579,500,46,6,1,1,personal,1,1
28,60838,8651,479,328,2,1,0,car,1,0
36,56898,15969,663,236,5,1,0,education,1,1
34,59112,8315,778,439,7,0,0,home,0,0
32,35834,12073,770,214,8,0,0,education,0,0
43,54848,17459,683,85,7,0,0,car,1,0
35,68738,15829,716,282,8,1,0,car,1,0
48,57371,8977,607,232,9,1,0,education,1,0
54,34539,9323,666,85,5,0,1,education,0,1
22,49253,15017,300,409,5,0,1,car,0,1
52,55624,21666,343,65,4,1,0,car,0,1
43,38639,10961,397,134,9,1,1,home,1,1
42,29625,19785,564,151,5,0,0,personal,1,1
45,45258,8792,439,115,2,1,0,personal,0,1
42,38887,14759,780,64,8,1,0,home,0,0
42,49785,15505,536,343,7,1,0,education,1,0
62,26128,7950,371,427,8,1,1,car,1,1
26,58470,6264,489,363,3,1,1,education,0,1
35,40480,15726,567,407,4,1,1,personal,1,1
63,64936,7342,620,352,5,1,1,personal,0,0
57,45846,5528,406,158,6,0,0,education,0,0
53,49619,6580,531,77,1,0,1,personal,1,0
28,47404,7321,341,146,4,1,0,car,1,1
64,39677,14283,438,343,5,1,0,home,1,1
64,87084,12575,572,463,7,1,1,education,0,0
25,42562,13578,780,225,5,0,0,car,1,0
59,65352,12106,715,405,1,0,1,car,1,0
24,33595,7030,805,313,7,1,1,personal,0,1
26,55581,13485,723,103,8,0,1,car,0,0
52,57183,15912,706,407,7,1,1,education,1,0
50,49637,12922,689,347,4,1,1,car,0,0
55,41434,12248,641,301,8,1,0,home,0,1
60,46050,6164,792,428,5,1,1,car,0,1
36,43950,11059,491,466,9,1,1,car,1,1
33,86030,5898,798,88,5,1,0,home,1,0
62,49660,9879,532,371,1,1,1,car,0,1
50,57873,1798,526,303,9,0,1,car,0,1
39,76724,1837,670,168,5,1,0,personal,0,0
37,36855,9044,438,435,6,0,0,education,1,1
39,50564,7257,448,170,4,1,1,personal,0,1
48,45962,10533,414,135,6,1,0,education,0,1
46,48707,9326,749,50,8,0,1,home,1,0
57,47314,10150,362,432,3,0,0,home,0,0
46,39021,13043,403,340,5,1,1,home,1,1
43,52931,7683,572,347,2,0,1,education,1,0
29,34060,8902,305,134,2,1,1,education,1,1
32,64833,17275,446,347,7,1,0,education,0,1
21,59349,10015,483,137,6,0,1,home,0,1
21,42598,9103,327,245,4,0,0,education,1,0
54,43325,10412,849,109,5,0,1,car,0,1
52,54132,9193,418,313,1,0,1,personal,1,0
45,38021,6452,592,287,7,1,1,home,0,1
60,77179,5009,670,21,8,0,1,personal,1,0
21,55368,6182,543,90,9,0,1,car,1,1
36,55898,14364,517,296,8,0,0,education,0,0
59,60221,6850,476,112,5,0,0,personal,0,0
25,41308,9225,598,301,3,0,0,car,0,1
42,66335,13503,357,77,9,1,1,car,0,1
49,51718,8608,568,177,6,1,1,personal,1,0
23,64252,13166,607,343,5,0,0,home,1,0
32,47030,2296,587,148,3,0,1,personal,0,1
46,69759,9337,404,101,6,1,1,home,0,1
36,56020,10394,527,246,3,0,1,education,1,1
57,82737,10115,546,117,6,1,0,home,0,1
42,44457,1735,793,92,4,1,0,education,0,0
49,53068,16015,382,401,2,0,0,personal,0,0
34,34526,5726,485,28,8,1,0,education,0,1
48,42060,11675,551,425,4,0,0,car,1,0
25,59280,10039,654,450,9,0,1,education,1,0
50,66939,15018,509,25,7,1,1,home,0,1
25,94475,20937,746,58,2,1,1,home,1,1
32,48550,3548,759,297,4,0,1,home,0,0
36,36001,6755,771,134,5,1,0,education,0,0
46,61299,10945,669,331,3,0,0,home,0,0
46,33082,4473,791,249,9,1,1,home,1,1
41,58464,13910,436,38,5,1,0,car,1,1
59,42466,14216,666,390,2,0,1,education,1,1
56,53173,12797,483,429,3,0,1,car,1,1
53,66365,11182,586,75,9,0,1,home,1,0
50,48338,16848,771,142,7,1,1,home,0,1
57,63993,4221,674,322,2,0,0,home,0,0
43,63097,10326,836,168,9,0,1,education,1,0
30,22035,6305,810,259,4,1,0,personal,1,1
25,36475,14449,549,373,9,1,1,home,1,1
56,26572,833,809,355,2,0,1,home,0,0
54,80026,9859,372,225,4,0,1,home,1,0
51,48419,11676,581,152,5,0,1,home,0,0
30,76712,5262,659,19,2,0,0,education,0,0
39,25505,6869,309,146,1,1,1,personal,1,1
52,41408,10076,510,448,7,1,0,personal,0,1
21,62007,14775,451,241,1,0,1,personal,0,0
25,52689,4835,304,372,8,0,1,home,1,1
24,57992,5707,494,381,3,0,1,home,0,1
36,31192,15627,582,344,6,1,0,personal,1,1
44,70652,8635,763,237,7,0,1,personal,0,0
36,61655,6112,412,35,1,0,1,home,1,1
22,56024,13643,570,190,6,1,1,home,1,1
48,39715,7559,462,1,7,1,1,car,0,1
52,54857,15137,759,153,6,0,1,car,1,0
47,45627,6681,404,429,4,0,0,car,0,0
40,25242,9202,581,433,1,1,0,personal,0,0
44,49243,14724,461,126,9,0,1,education,1,1
32,47649,8868,650,345,4,0,1,home,0,0
55,65936,13780,733,400,7,1,0,car,1,0
53,16483,9672,439,226,7,1,1,education,0,1
53,53527,19908,770,221,2,1,0,home,0,0
63,32666,17843,431,403,1,0,1,education,1,1
57,54788,3359,386,407,8,1,1,personal,0,1
32,55614,12611,482,211,8,1,0,personal,0,1
23,48697,5917,667,25,7,0,1,personal,0,0
21,62109,10957,428,16,8,0,0,car,0,1
53,31313,10341,545,182,3,1,0,home,0,1
60,66615,4723,677,329,2,1,0,personal,0,0
30,39378,15292,448,129,7,0,1,car,0,1
63,26661,11016,732,42,8,0,0,car,0,1
64,45914,8576,768,403,1,1,0,car,1,0
49,18572,7809,745,418,9,1,1,car,0,0
33,53812,10698,780,336,4,0,1,personal,0,0
32,46111,12039,593,236,4,1,1,car,1,1
51,68505,9375,442,360,3,0,1,personal,1,0
22,59733,-4162,549,439,6,1,1,personal,1,0
55,29120,10084,601,402,1,0,1,car,0,1
43,37424,2792,324,34,6,0,0,personal,1,1
37,57809,8952,369,345,2,1,1,home,1,1
46,62706,2977,411,381,9,1,0,home,0,1
28,68337,2917,663,45,2,0,1,education,0,0
49,68217,16175,602,134,7,1,0,home,1,0
46,48657,8399,770,21,1,1,0,personal,1,0
30,55439,8016,390,122,7,1,1,personal,0,1
46,69481,12412,829,70,5,0,1,home,0,0
54,45450,8147,491,352,8,1,0,car,0,0
61,55695,20519,541,361,4,1,1,car,0,1
27,45096,8634,437,48,7,0,1,personal,0,1
24,41735,11825,644,39,6,1,0,car,1,1
31,50725,14854,479,287,5,1,0,education,0,1
49,39686,18011,802,10,4,0,0,education,0,0
56,48036,6289,502,30,7,0,1,home,0,1
45,34475,7910,491,244,5,1,1,home,0,0
41,47150,16372,304,274,5,1,1,car,0,1
56,56725,14050,536,444,1,0,1,personal,1,1
30,41168,15375,610,88,2,0,0,home,0,1
57,50139,3156,848,244,5,1,1,education,1,1
29,52090,17739,355,381,3,1,0,home,0,0
44,56788,6192,742,329,2,1,1,home,1,0
55,47996,10961,536,479,4,0,1,education,1,1
55,66287,9258,496,15,4,1,0,personal,0,1
56,18486,5607,813,4,4,0,1,home,0,0
38,94066,2937,748,191,4,0,1,home,0,0
59,36932,1280,659,168,3,0,0,home,0,0
52,56050,10595,329,9,7,1,1,car,0,1
44,35922,2373,407,109,9,1,0,home,1,1
43,59664,4330,744,137,5,1,0,education,0,0
52,54148,8909,737,154,4,0,0,personal,0,0
57,40239,-3194,756,388,2,1,0,personal,1,0
32,66096,13894,794,209,2,0,1,education,0,0
33,47540,-2049,546,272,5,0,1,car,1,0
43,58208,9613,842,143,7,0,1,education,0,0
45,36242,10075,738,99,9,0,0,personal,1,0
55,49536,12690,577,377,7,0,1,education,0,1
61,80051,9791,410,308,5,0,1,car,1,0
50,64444,20089,684,69,6,1,1,personal,1,1
37,54614,11081,490,247,3,0,1,car,0,0
40,43266,15268,789,261,5,1,0,education,0,1
45,51012,6382,725,276,8,0,0,home,0,0
42,52963,10603,704,79,1,1,1,education,1,1
33,56738,17737,634,146,1,1,0,car,1,1
39,33850,8811,508,111,7,1,1,education,1,1
56,60026,10961,321,258,5,1,1,home,0,1
32,33656,14904,507,93,5,0,1,car,0,1
61,74466,6288,307,13,1,0,0,education,1,1
39,38425,-807,828,260,9,0,1,car,0,0
32,54449,11277,465,426,1,0,0,car,1,0
29,65077,14943,795,109,5,1,0,personal,0,0
27,46214,3242,728,330,9,1,1,personal,0,1
48,55109,13351,462,189,4,1,0,car,1,1
34,71527,13384,665,95,8,0,0,education,0,0
51,58466,-1367,825,105,6,1,1,education,0,0
39,55333,5318,538,8,3,0,0,education,0,0
36,24728,8020,371,67,4,1,0,home,0,1
25,35994,9101,744,191,2,1,1,car,0,1
55,65703,6284,808,366,1,1,1,car,1,0
32,58549,6014,568,256,8,1,0,home,0,0
45,60821,18357,714,9,1,1,1,car,1,1
41,59530,9462,544,478,1,0,1,car,0,0
56,69346,6524,359,117,4,1,0,home,0,0
43,46079,9794,305,267,6,0,0,personal,1,0
36,51807,12685,706,99,9,0,1,car,1,0
59,34569,10258,516,298,1,0,0,home,0,0
62,30829,8971,325,397,7,0,1,education,0,1
59,25343,6749,304,164,5,0,1,personal,1,1
34,36722,6689,831,376,8,0,0,education,1,0
51,73288,7010,689,141,7,0,0,car,1,0
25,26709,11694,747,268,4,0,1,personal,1,0
55,45446,5029,445,37,4,1,1,home,0,1
43,30602,11966,687,74,6,1,1,car,0,1
49,40985,17064,548,73,6,0,1,home,0,1
63,52545,11628,825,308,9,0,0,personal,0,0
31,39498,8152,761,199,5,0,1,education,0,0
38,66344,3509,312,130,8,1,0,car,1,1
32,73009,17890,683,246,5,1,0,car,1,0
29,16263,4149,698,312,2,0,1,home,1,0
30,39755,14242,318,60,6,0,0,personal,0,1
64,50887,13192,790,279,9,1,0,home,1,0
37,66891,8816,718,103,3,1,1,personal,0,1
58,43186,8685,636,296,1,0,0,car,0,0
27,49700,821,718,320,1,0,0,personal,0,0
33,32648,11650,421,341,3,0,1,car,1,1
60,27008,13099,731,151,5,0,1,personal,0,0
62,71680,4554,343,157,3,1,1,education,0,1
29,22638,9220,616,206,9,1,1,personal,1,1
47,84929,10189,680,474,8,0,1,education,0,0
22,60877,12922,444,179,3,0,1,personal,1,0
25,60199,10019,626,197,9,0,1,personal,0,0
49,58632,1868,662,223,6,1,0,home,1,0
57,46209,7350,349,89,7,0,0,home,0,1
58,55881,11123,364,287,4,0,1,car,0,1
39,47166,14207,654,434,4,0,0,home,1,0
28,58296,6911,463,276,2,1,0,personal,0,1
21,49494,20938,440,236,5,0,1,home,1,1
42,35744,527,427,183,8,1,0,personal,0,0
37,36941,7181,697,209,7,0,1,education,1,0
27,35235,9584,762,130,7,0,0,personal,0,0
45,64563,8996,486,153,6,0,1,car,0,0
24,40738,3839,489,13,3,1,0,education,0,0
56,21318,12239,687,122,5,0,0,car,1,1
26,55952,11855,728,359,1,0,0,car,1,0
51,72717,10239,583,220,7,1,1,car,1,0
39,61596,11659,536,106,9,1,0,home,1,1
64,40950,7881,493,375,1,1,0,car,1,1
59,26197,1913,586,70,2,0,1,education,0,1
47,47985,6416,435,195,3,1,1,personal,0,1
30,47611,10785,470,186,3,0,0,car,0,0
46,35462,10813,458,99,8,1,0,education,0,1
39,58265,10206,500,82,7,1,0,car,0,1
59,77699,12743,786,75,6,1,0,personal,1,0
23,53334,7094,803,374,4,0,1,education,0,0
33,52407,10133,670,340,9,0,0,education,1,0
48,35941,12860,402,192,1,0,0,personal,0,1
40,70961,9575,424,325,2,0,1,education,1,1
48,48872,3783,612,467,4,0,0,personal,1,0
28,41315,5192,757,214,3,0,0,education,1,0
61,50955,14154,529,315,1,0,0,education,0,0
59,57079,16962,496,444,5,0,1,personal,0,0
21,52088,15876,722,467,7,0,1,personal,0,0
23,68092,11160,470,382,2,1,0,education,0,0
33,55759,3984,681,367,5,1,0,education,1,0
48,45740,9968,472,318,6,0,1,personal,1,0
45,56017,17811,752,144,7,0,0,home,1,0
53,57494,13092,649,384,1,0,0,personal,1,0
58,30554,8962,793,216,7,0,1,education,0,0
26,67241,13143,303,361,4,1,1,education,1,1
64,45486,3653,392,324,8,1,1,education,0,1
52,45870,6521,305,15,4,0,0,personal,1,1
41,61270,4579,587,217,6,1,0,education,1,0
36,61207,12347,445,439,9,1,0,home,1,0
41,39487,13570,723,35,5,0,0,car,0,1
31,62043,9230,756,183,4,0,1,home,0,0
57,41593,5635,501,270,8,0,0,personal,1,1
56,77293,9901,511,433,9,0,0,education,1,0
55,37577,7567,305,467,4,1,1,personal,1,1
39,53592,6019,675,358,3,0,1,car,0,0
40,38269,11694,746,100,8,1,0,personal,0,0
38,83340,6210,405,7,5,0,1,education,0,1
61,31432,2168,700,30,2,1,1,car,1,0
34,57865,3279,395,467,9,0,0,car,0,0
35,38976,1983,687,305,3,0,0,education,1,0
51,44688,11237,751,473,2,1,0,education,0,0
21,56803,10752,715,144,1,1,0,education,1,1
23,68368,10502,803,111,8,1,1,personal,1,1
36,74350,12938,753,232,3,0,1,home,0,0
43,26945,15959,590,179,7,1,0,personal,1,1
31,54016,7038,833,72,1,1,0,personal,1,0
32,71892,12032,492,210,1,1,1,home,1,1
30,24720,2101,449,220,9,1,0,education,0,1
52,54715,16893,814,80,8,1,0,education,1,0
36,49968,3775,692,83,3,1,0,home,0,0
28,56218,6449,615,42,6,1,0,home,0,0
58,38415,7011,375,273,3,1,1,personal,1,1
32,28465,2368,569,191,4,1,0,car,0,1
44,21303,10162,524,173,1,0,1,home,1,1
48,64645,11069,829,461,5,0,0,personal,0,0
28,66560,9052,412,7,1,1,0,car,1,1
48,54540,2298,550,155,1,0,1,education,0,0
56,41987,19916,532,10,7,0,0,education,1,1
46,25654,12746,382,34,6,1,1,personal,1,1
28,58450,23171,424,36,2,1,0,personal,1,1
48,33488,5974,474,409,2,1,0,home,1,0
48,39330,14789,368,6,7,1,0,education,0,1
57,41201,13896,346,408,1,1,0,personal,0,1
61,47036,8547,555,402,2,1,0,education,1,0
56,38614,17055,329,215,8,0,1,education,0,1
47,50501,7972,580,134,6,1,1,home,1,0
37,40672,8195,536,285,2,0,0,car,1,0
29,60520,-7357,547,126,7,1,0,home,0,0
53,65465,12045,667,409,4,1,1,personal,0,1
40,51628,3372,794,439,2,0,1,home,1,0
33,56939,7246,324,337,6,1,0,home,0,1
48,81767,4868,789,174,9,1,0,education,1,0
49,32410,8168,793,152,9,0,1,home,0,0
33,31497,12219,613,331,8,1,0,personal,0,1
55,60424,10055,674,26,3,0,1,car,0,0
26,79198,13548,324,383,3,1,0,home,0,1
38,46092,16328,633,115,2,1,1,home,0,1
25,75902,8156,654,382,5,0,1,car,1,0
45,51446,7607,415,284,4,1,0,personal,0,1
22,39786,14788,347,387,7,0,1,personal,0,1
30,35139,15185,398,75,4,0,0,home,1,1
50,59441,13702,758,166,9,0,0,education,1,0
25,36275,5239,822,189,2,1,0,home,1,0
53,51219,12113,704,78,6,1,0,car,0,0
21,73751,10547,513,435,7,0,1,car,0,0
38,45398,15262,802,90,4,1,0,car,1,0
52,69710,7135,747,176,6,1,0,home,1,0
31,31781,1666,557,21,7,1,0,home,1,1
41,41991,13451,420,54,4,0,0,personal,1,1
46,28892,-2791,353,184,8,1,1,education,0,1
45,51094,6342,630,359,9,0,0,home,0,0
42,61701,4884,540,222,1,1,1,personal,0,1
47,51127,4850,829,315,7,1,1,home,0,0
33,68405,6254,782,328,9,0,1,personal,0,0
53,38762,16086,486,179,5,1,0,personal,1,1
54,53380,14102,561,276,2,0,0,education,0,0
61,42087,8741,663,112,6,1,0,home,1,1
55,55425,15668,790,224,7,0,0,personal,1,0
21,57556,4688,730,214,2,1,1,car,1,0
41,58735,4008,538,59,2,1,1,car,0,1
26,33941,14317,603,327,1,1,0,car,1,1
48,36653,12898,597,393,4,0,0,education,0,0
37,39435,7698,375,109,7,0,0,personal,1,1
25,46416,4322,632,385,9,0,0,education,0,0
51,51307,17298,773,157,3,1,0,home,1,0
25,60621,1399,582,191,7,0,0,home,0,0
58,37278,7007,371,200,7,0,0,personal,1,1
23,25984,11142,562,312,7,0,1,car,1,1
43,82336,19010,311,196,2,0,1,personal,1,1
57,33028,11915,440,35,6,0,1,personal,1,1
57,62544,12401,316,379,2,0,1,personal,0,0
30,50469,7153,362,387,6,0,0,education,0,1
30,53769,12842,552,246,3,0,0,home,0,0
39,49976,10526,764,237,2,0,0,personal,1,0
37,44227,2057,675,104,6,0,0,personal,1,0
41,56959,13964,819,7,2,1,0,personal,1,0
34,43421,14851,389,283,5,1,1,education,1,1
29,67494,14016,474,1,2,0,0,education,1,0
21,58526,10166,375,219,3,1,1,education,1,1
33,58993,5219,699,464,3,1,0,personal,0,0
24,42393,-1545,370,230,6,0,1,car,0,1
21,46454,10785,479,455,6,0,0,car,0,1
60,32181,15409,423,172,3,0,1,car,0,1
52,44704,14977,680,87,3,1,0,home,0,1
54,34451,14080,592,41,1,0,0,personal,0,1
48,69696,9628,494,123,7,1,0,car,0,0
51,50758,15437,527,331,8,0,0,car,0,0
28,52557,14620,730,298,2,1,1,car,1,1
59,46622,7886,735,373,4,1,0,personal,1,0
46,52963,13382,760,417,7,0,1,car,1,0
54,86973,7320,320,178,8,0,0,car,1,0
23,45497,12700,363,63,1,1,1,personal,1,1
32,40243,3504,464,165,4,1,0,home,1,0
21,57945,3888,326,187,6,0,0,education,1,0
64,12114,15291,610,383,3,0,1,car,0,1
25,50959,14687,584,209,5,1,0,education,0,1
50,44424,13168,580,227,9,0,0,home,1,1
50,35115,10439,463,432,3,1,1,home,0,1
37,57616,-1956,523,389,5,0,0,car,0,0
43,50809,9625,445,48,8,0,1,personal,0,1
35,22963,12270,329,224,6,0,0,home,0,1
57,40302,7326,344,3,4,1,1,education,0,1
41,6675,6437,770,372,8,0,1,education,1,1
34,54399,17222,333,175,3,1,1,education,0,1
22,54249,9698,726,446,3,0,1,education,1,0
31,38100,12273,520,99,4,1,0,home,1,0
59,58101,13870,833,116,9,1,0,car,1,0
58,30762,4992,666,270,5,0,1,car,0,0
54,35502,10966,849,447,8,1,0,education,1,0
58,56257,16598,415,368,6,1,0,car,1,1
54,39669,19096,538,253,3,1,0,education,1,0
38,49060,10199,634,317,8,1,1,education,1,0
50,41545,8810,740,415,9,0,0,personal,0,0
35,43836,11345,447,95,8,0,0,home,1,1
47,44491,11218,308,273,4,0,1,home,1,1
54,39398,16933,587,380,6,1,0,education,1,0
58,54536,5018,687,24,1,1,1,home,1,0
53,40581,8600,349,116,4,0,1,car,0,1
44,50235,4414,816,151,8,0,1,education,1,0
35,39069,4939,577,338,1,1,0,personal,1,1
50,26985,11882,599,50,3,0,0,car,1,1
62,63686,14049,434,206,1,0,1,personal,1,1
37,57492,6753,446,335,9,1,1,personal,1,1
25,84330,13860,789,79,2,0,1,home,1,0
49,34340,15557,777,70,9,1,1,home,0,1
24,46865,19673,458,27,4,0,1,education,1,1
30,48072,10348,683,271,2,1,1,home,0,0
37,64840,6801,462,50,4,1,0,personal,0,0
30,42393,4987,740,292,6,1,1,personal,1,0
37,32434,4491,488,247,7,1,1,car,0,1
40,68117,16248,714,264,3,1,1,personal,1,0
44,45250,2424,638,79,3,0,0,education,0,0
25,63179,16088,480,387,8,0,0,education,1,0
54,61432,5657,587,190,5,0,0,home,0,1
26,49551,6573,486,47,4,1,0,home,0,1
22,47385,9242,437,461,7,0,1,home,1,1
33,44126,6481,429,361,7,1,0,education,0,0
63,49772,14659,493,354,9,1,1,personal,0,1
63,62946,19066,615,472,9,0,1,home,0,0
31,38053,6712,443,352,5,1,1,car,0,1
43,51632,7838,315,189,8,0,1,home,0,1
36,33220,9183,601,416,1,1,1,education,1,1
51,35088,12705,722,256,9,1,1,home,0,1
31,49535,9232,544,222,8,0,0,personal,0,0
36,20597,16936,406,372,6,1,0,home,1,1
28,80908,15733,387,241,3,0,0,education,1,0
24,32104,4072,428,269,3,1,0,education,1,1
60,49398,12604,640,1,8,0,0,car,0,0
24,67523,17601,303,34,5,1,1,education,0,1
45,37056,7526,626,446,7,0,0,car,0,0
23,15459,8528,709,79,5,0,0,personal,0,0
52,43325,7359,605,236,8,1,0,education,1,1
23,36877,7464,524,334,4,0,1,home,1,1
47,15854,1657,647,377,2,1,1,personal,0,1
49,54273,3358,620,349,3,1,1,home,0,0
52,53106,10387,480,98,8,0,0,home,0,1
39,67134,17567,685,82,7,0,0,home,0,0
41,33187,6933,407,455,2,0,0,personal,1,0
25,26012,6786,830,477,6,0,0,personal,1,0
38,43899,18507,709,415,9,0,0,education,0,0
48,48674,4458,595,192,4,1,1,home,1,0
62,63820,1693,470,253,9,0,0,car,0,0
42,71158,5857,630,409,2,1,1,education,0,0
41,68217,6686,792,38,2,0,0,personal,1,0
26,54148,1262,494,14,9,0,1,car,0,1
21,61992,9359,311,392,7,0,1,personal,1,0
25,40392,14742,494,347,7,1,1,car,0,1
61,52525,3570,789,310,1,0,1,education,1,0
32,32130,10437,481,386,6,1,0,car,0,1
46,50940,11979,615,209,7,1,0,education,1,1
54,51329,9583,329,357,6,1,0,personal,0,1
34,75831,10928,395,462,6,0,1,car,0,0
46,46565,10986,680,89,2,1,0,home,1,0
47,51350,5936,743,56,6,0,0,home,0,0
29,53554,17492,597,94,4,1,0,personal,1,0
46,43177,16238,660,93,9,0,0,car,1,1
42,37962,15949,673,340,1,1,1,home,0,1
50,69482,15068,602,85,8,0,1,education,0,0
63,35286,2125,720,445,5,0,0,car,0,0
37,30081,14630,545,245,1,0,0,car,0,1
46,60203,13278,536,22,4,1,0,home,1,1
56,67367,2317,833,291,1,1,1,education,0,0
21,43228,8925,484,272,6,0,1,education,0,0
28,43459,11383,767,306,2,1,1,education,0,0
55,54238,18321,662,122,5,1,0,car,1,0
35,39382,13623,582,128,7,1,1,personal,0,1
42,38274,5677,635,113,2,1,1,car,1,0
34,63193,18476,461,427,6,1,1,car,0,1
46,59106,10218,459,273,6,1,1,home,1,1
48,69667,8720,773,336,5,1,1,personal,0,0
43,31211,8364,621,442,5,0,0,education,0,1
34,42463,1882,311,130,3,0,0,home,1,1
44,54217,9451,723,132,2,1,0,car,0,0
22,36115,12487,372,85,7,0,0,personal,0,0
46,59625,8073,500,423,1,0,1,education,0,0
34,68369,12102,821,350,6,0,0,education,1,0
27,41249,5678,804,390,6,1,0,car,0,0
23,50578,9295,338,81,3,1,0,education,1,1
43,71834,11582,359,473,2,1,1,education,1,1
63,76989,10948,620,325,2,1,0,personal,1,0
38,61187,1972,734,69,9,1,1,home,0,0
58,58901,7804,707,148,5,0,1,personal,1,0
55,37193,18387,685,448,7,1,1,home,1,1
35,55388,7537,377,16,5,0,0,home,0,1
45,58352,10079,493,307,7,1,1,home,1,0
57,46844,9566,584,105,4,0,0,education,1,0
48,41078,17841,826,165,8,1,0,personal,0,0
30,30780,16451,823,201,7,1,0,education,0,1
59,23934,14037,455,197,5,1,1,car,1,1
37,20781,5133,639,426,6,1,1,personal,0,1
59,58691,11795,424,185,5,1,0,home,0,1
42,52215,12839,579,322,7,1,1,education,0,1
46,42742,6506,427,265,2,0,1,education,1,1
64,45028,5647,613,363,5,1,1,personal,1,0
45,53157,18525,631,100,3,0,0,personal,0,0
37,47531,8495,449,342,9,1,1,home,1,1
33,29891,18074,753,320,6,0,1,home,0,1
40,63695,14985,335,214,3,0,0,car,0,0
45,54561,12039,719,278,7,0,1,home,0,0
24,53988,12262,321,162,4,0,0,education,0,1
30,62563,2997,505,439,3,0,1,car,0,0
23,37795,11033,655,157,8,0,1,car,1,0
61,68205,17085,739,422,4,1,1,car,1,0
38,47899,13406,395,251,1,0,1,personal,1,1
56,63328,10771,463,366,6,1,1,home,1,1
42,61016,18559,447,97,1,1,1,car,0,1
54,34417,9074,829,18,5,0,0,personal,0,0
28,57543,6902,593,327,7,0,1,personal,1,1
60,54894,10769,494,449,6,1,1,car,1,1
64,50454,13832,779,383,2,0,1,car,0,0
39,48584,1411,422,97,4,0,0,education,0,0
62,48711,11424,699,1,2,0,0,car,0,0
61,62190,14051,751,216,1,0,0,education,1,0
57,58668,8651,403,132,3,0,1,car,0,1
26,50457,15534,761,260,3,0,1,car,0,0
46,27620,13205,695,125,7,0,0,home,1,1
54,57416,20706,636,82,1,1,0,car,1,0
26,60854,6246,441,283,9,0,0,car,1,0
57,84506,14153,616,171,6,1,1,education,0,0
53,66131,4913,826,59,4,1,0,education,0,0
42,21512,1923,700,32,3,1,1,home,1,1
41,51176,-177,609,161,3,1,1,car,0,1
26,77170,12691,794,284,2,0,1,car,0,0
26,59353,10921,408,106,2,1,0,education,0,0
24,54929,7604,671,105,5,1,1,personal,1,1
50,63503,1132,505,439,9,1,0,personal,1,0
31,40664,6548,342,228,2,1,0,personal,0,1
50,57171,10020,544,188,2,1,0,education,0,0
51,46242,13965,586,70,6,0,0,education,0,1
44,49705,9917,654,318,2,0,1,personal,0,0
29,62426,11260,775,464,4,1,1,personal,1,1
23,36099,8119,382,290,6,0,1,car,1,1
51,69319,18746,409,87,5,0,1,education,0,1
60,43657,4908,489,370,1,1,0,education,0,1
57,53909,6503,550,362,6,1,0,personal,1,1
56,28992,7538,590,472,1,1,0,personal,0,0
44,60797,12713,500,56,3,0,0,home,1,0
51,71697,4805,625,113,5,1,1,education,0,0
26,42280,10678,810,13,5,0,0,home,1,0
22,33346,10824,708,440,6,0,1,car,0,0
40,54169,6528,807,18,8,0,0,home,0,0
48,71822,11649,371,182,5,1,0,personal,1,0
31,28252,4960,546,461,1,0,0,education,1,0
24,33405,4414,643,113,5,1,0,education,0,0
35,43187,10498,353,229,3,1,1,home,0,1
26,37694,1701,827,171,4,1,1,home,1,0
50,37742,-724,831,295,8,1,1,car,1,0
58,18588,12664,492,189,7,1,1,car,0,1
22,58835,15244,357,426,5,0,0,personal,0,0
35,55080,7665,736,465,2,0,0,personal,1,0
31,24517,6659,410,79,6,0,1,personal,1,1
28,71857,15027,428,146,6,0,1,home,1,1
46,75216,4272,625,407,6,0,0,home,1,0
64,38736,3183,307,182,9,1,0,education,1,1
25,67498,13538,328,286,8,1,1,personal,0,1
26,41405,10045,411,250,8,0,1,home,0,1
46,52716,15324,430,354,1,0,1,education,1,1
24,37463,-701,487,314,5,0,0,personal,0,0
39,83213,2996,774,196,7,1,1,car,0,0
40,45559,10071,663,323,6,1,1,car,1,1
53,51896,12088,503,71,5,1,1,home,0,1
40,39680,14234,511,248,8,0,1,education,0,1
32,77919,10874,575,146,3,0,1,car,0,0
21,78299,10823,372,106,6,0,0,education,1,1
46,74463,8052,542,263,5,0,1,education,1,0
34,64346,17954,401,296,8,1,0,car,0,1
58,40628,4484,470,70,4,0,1,education,0,1
57,62417,11795,487,470,8,0,1,car,0,0
31,49894,5060,740,193,2,0,1,home,0,0
56,69686,12673,385,68,9,1,0,personal,0,1
33,66738,4814,775,305,9,1,0,personal,0,0
63,40261,13719,351,52,6,0,0,home,1,1
23,64217,10560,410,370,4,1,1,car,0,1
53,60230,18723,342,363,4,1,1,car,0,1
26,8396,8594,510,285,6,1,0,car,1,1
30,62014,12124,499,405,5,1,0,car,0,1
25,43523,6101,325,474,6,1,1,home,0,1
43,36709,8560,598,334,7,0,0,personal,0,0
30,37351,10528,376,9,7,0,1,education,0,1
64,47971,2363,436,251,9,0,0,education,1,0
22,57200,2911,319,431,8,1,0,personal,0,0
33,29518,12999,739,332,6,1,0,home,1,0
60,52847,9269,510,298,6,1,1,education,0,1
22,58651,7035,734,435,5,1,1,personal,0,0
40,77927,6315,506,184,1,0,0,home,1,0
21,33849,6507,738,179,9,0,1,education,0,0
57,44755,10562,341,198,9,0,1,car,1,1
29,53924,12225,710,128,9,0,1,car,1,0
37,67211,-460,822,20,8,0,1,home,1,0
29,45436,17064,726,472,3,0,0,car,0,0
31,67979,16708,574,411,1,1,1,home,0,0
35,20939,-1653,747,422,8,1,1,personal,0,1
44,31199,15429,668,328,7,0,0,personal,0,0
58,55229,15276,519,65,5,1,1,education,1,1
55,28837,10002,531,182,7,0,1,home,0,1
50,32382,3514,627,241,4,0,1,education,0,0
51,42083,15076,742,369,9,1,0,education,1,0
25,61571,8793,351,24,2,0,0,personal,1,0
64,21560,12744,675,384,9,0,1,education,0,0
34,52554,21096,562,431,9,0,1,car,1,1
31,65494,11259,566,455,5,1,0,education,1,0
29,47075,5415,658,83,1,1,0,home,1,1
54,44467,8321,616,470,7,1,0,car,1,0
32,56026,6052,623,319,4,1,1,personal,1,0
55,47118,12167,720,185,9,0,1,home,0,1
55,70857,5969,345,439,6,1,0,car,0,1
21,33328,7635,568,316,3,1,1,home,0,1
60,49225,3577,680,99,6,1,1,car,0,1
42,53085,9339,417,62,6,0,1,home,0,1
49,44323,10883,415,286,5,1,1,home,0,1
28,6930,-3423,559,477,2,1,1,car,0,1
31,47586,11297,374,22,2,0,1,personal,1,1
61,63502,9771,779,459,7,0,1,personal,0,0
57,61671,6175,604,212,2,0,0,home,0,0
34,55321,20143,306,126,6,0,0,home,0,1
50,33532,14792,665,413,5,1,0,personal,1,1
55,55929,4517,822,425,4,0,0,personal,0,0
41,41398,14191,647,42,7,1,0,education,0,1
57,55302,16222,737,98,8,1,0,personal,1,0
25,51822,10660,514,449,4,1,0,home,0,0
39,35354,11807,728,31,1,1,0,car,0,1
34,36613,11691,797,158,1,1,0,personal,1,1
46,55325,-429,839,112,1,0,1,education,0,0
24,46683,9065,666,402,1,1,1,education,1,1
45,37395,8805,612,247,5,1,0,education,0,1
62,36157,17150,837,122,4,1,1,car,0,1
45,45442,11668,353,273,9,0,1,personal,0,1
38,73521,8511,840,294,3,1,0,personal,1,0
60,42108,9549,766,398,7,1,0,personal,1,0
28,49789,15116,463,471,8,0,0,car,1,1
59,51524,9077,633,473,6,1,1,car,0,0
60,33034,6509,846,207,1,1,1,home,0,1
34,23557,8621,647,110,8,0,0,education,1,0
52,34600,14703,572,440,3,1,1,education,1,1
58,53706,12480,713,278,8,1,1,personal,0,0
53,51309,10221,799,451,4,1,1,car,0,0
43,60536,10957,392,56,8,1,0,car,0,1
35,51451,7201,378,375,1,1,1,personal,0,1
53,48356,9030,516,403,3,0,1,personal,1,0
45,40939,6683,657,57,6,0,1,home,0,1
37,63269,8526,806,428,9,0,1,education,0,0
53,36212,16730,480,291,2,1,1,education,0,1
22,33344,4610,545,114,1,1,1,education,0,1
34,58505,6556,543,381,3,1,1,home,0,1
60,30002,3728,805,385,4,0,0,personal,0,0
60,86221,2645,721,308,5,1,0,personal,0,0